{
  "accuracy": 0.9959213941416388,
  "macro_f1": 0.9959197103277061,
  "confusion_matrix": [
    [
      448,
      0,
      0,
      0,
      2,
      0
    ],
    [
      1,
      447,
      1,
      0,
      0,
      0
    ],
    [
      2,
      0,
      447,
      0,
      0,
      0
    ],
    [
      0,
      2,
      0,
      445,
      2,
      0
    ],
    [
      0,
      0,
      1,
      0,
      448,
      0
    ],
    [
      0,
      0,
      0,
      0,
      0,
      451
    ]
  ],
  "per_class_metrics": {
    "forum": {
      "precision": 0.9933481152993349,
      "recall": 0.9955555555555555,
      "f1": 0.9944506104328524,
      "support": 450
    },
    "promotions": {
      "precision": 0.9955456570155902,
      "recall": 0.9955456570155902,
      "f1": 0.9955456570155902,
      "support": 449
    },
    "social_media": {
      "precision": 0.9955456570155902,
      "recall": 0.9955456570155902,
      "f1": 0.9955456570155902,
      "support": 449
    },
    "spam": {
      "precision": 1.0,
      "recall": 0.9910913140311804,
      "f1": 0.9955257270693513,
      "support": 449
    },
    "updates": {
      "precision": 0.9911504424778761,
      "recall": 0.9977728285077951,
      "f1": 0.9944506104328524,
      "support": 449
    },
    "verify_code": {
      "precision": 1.0,
      "recall": 1.0,
      "f1": 1.0,
      "support": 451
    }
  },
  "classification_report": {
    "forum": {
      "precision": 0.9933481152993349,
      "recall": 0.9955555555555555,
      "f1-score": 0.9944506104328524,
      "support": 450.0
    },
    "promotions": {
      "precision": 0.9955456570155902,
      "recall": 0.9955456570155902,
      "f1-score": 0.9955456570155902,
      "support": 449.0
    },
    "social_media": {
      "precision": 0.9955456570155902,
      "recall": 0.9955456570155902,
      "f1-score": 0.9955456570155902,
      "support": 449.0
    },
    "spam": {
      "precision": 1.0,
      "recall": 0.9910913140311804,
      "f1-score": 0.9955257270693513,
      "support": 449.0
    },
    "updates": {
      "precision": 0.9911504424778761,
      "recall": 0.9977728285077951,
      "f1-score": 0.9944506104328524,
      "support": 449.0
    },
    "verify_code": {
      "precision": 1.0,
      "recall": 1.0,
      "f1-score": 1.0,
      "support": 451.0
    },
    "accuracy": 0.9959213941416388,
    "macro avg": {
      "precision": 0.9959316453013985,
      "recall": 0.9959185020209519,
      "f1-score": 0.9959197103277061,
      "support": 2697.0
    },
    "weighted avg": {
      "precision": 0.995933704322309,
      "recall": 0.9959213941416388,
      "f1-score": 0.9959221914101865,
      "support": 2697.0
    }
  },
  "config": {
    "dataset": "jason23322/high-accuracy-email-classifier",
    "model": "BERT",
    "max_features": 20000
  }
}