{
  "accuracy": 0.9918427882832778,
  "macro_f1": 0.9918413845520339,
  "confusion_matrix": [
    [
      447,
      0,
      2,
      0,
      0,
      1
    ],
    [
      1,
      445,
      2,
      0,
      1,
      0
    ],
    [
      2,
      0,
      446,
      0,
      1,
      0
    ],
    [
      0,
      2,
      1,
      443,
      0,
      3
    ],
    [
      2,
      1,
      0,
      1,
      444,
      1
    ],
    [
      0,
      0,
      0,
      0,
      1,
      450
    ]
  ],
  "per_class_metrics": {
    "forum": {
      "precision": 0.9889380530973452,
      "recall": 0.9933333333333333,
      "f1": 0.991130820399113,
      "support": 450
    },
    "promotions": {
      "precision": 0.9933035714285714,
      "recall": 0.9910913140311804,
      "f1": 0.992196209587514,
      "support": 449
    },
    "social_media": {
      "precision": 0.9889135254988913,
      "recall": 0.9933184855233853,
      "f1": 0.9911111111111112,
      "support": 449
    },
    "spam": {
      "precision": 0.9977477477477478,
      "recall": 0.9866369710467706,
      "f1": 0.9921612541993281,
      "support": 449
    },
    "updates": {
      "precision": 0.9932885906040269,
      "recall": 0.9888641425389755,
      "f1": 0.9910714285714286,
      "support": 449
    },
    "verify_code": {
      "precision": 0.989010989010989,
      "recall": 0.9977827050997783,
      "f1": 0.9933774834437086,
      "support": 451
    }
  },
  "classification_report": {
    "forum": {
      "precision": 0.9889380530973452,
      "recall": 0.9933333333333333,
      "f1-score": 0.991130820399113,
      "support": 450.0
    },
    "promotions": {
      "precision": 0.9933035714285714,
      "recall": 0.9910913140311804,
      "f1-score": 0.992196209587514,
      "support": 449.0
    },
    "social_media": {
      "precision": 0.9889135254988913,
      "recall": 0.9933184855233853,
      "f1-score": 0.9911111111111112,
      "support": 449.0
    },
    "spam": {
      "precision": 0.9977477477477478,
      "recall": 0.9866369710467706,
      "f1-score": 0.9921612541993281,
      "support": 449.0
    },
    "updates": {
      "precision": 0.9932885906040269,
      "recall": 0.9888641425389755,
      "f1-score": 0.9910714285714286,
      "support": 449.0
    },
    "verify_code": {
      "precision": 0.989010989010989,
      "recall": 0.9977827050997783,
      "f1-score": 0.9933774834437086,
      "support": 451.0
    },
    "accuracy": 0.9918427882832778,
    "macro avg": {
      "precision": 0.9918670795645953,
      "recall": 0.9918378252622374,
      "f1-score": 0.9918413845520339,
      "support": 2697.0
    },
    "weighted avg": {
      "precision": 0.9918638755573373,
      "recall": 0.9918427882832778,
      "f1-score": 0.991842260204103,
      "support": 2697.0
    }
  },
  "config": {
    "dataset": "jason23322/high-accuracy-email-classifier",
    "vectorizer": "tfidf",
    "model": "logistic_regression",
    "max_features": 20000
  }
}