{
  "accuracy": 0.9836855765665554,
  "macro_f1": 0.9836904782862104,
  "confusion_matrix": [
    [
      445,
      1,
      0,
      2,
      2,
      0
    ],
    [
      3,
      439,
      3,
      2,
      1,
      1
    ],
    [
      2,
      2,
      441,
      1,
      1,
      2
    ],
    [
      1,
      0,
      0,
      443,
      2,
      3
    ],
    [
      2,
      1,
      0,
      6,
      440,
      0
    ],
    [
      0,
      0,
      1,
      2,
      3,
      445
    ]
  ],
  "per_class_metrics": {
    "forum": {
      "precision": 0.9823399558498896,
      "recall": 0.9888888888888889,
      "f1": 0.9856035437430787,
      "support": 450
    },
    "promotions": {
      "precision": 0.9909706546275395,
      "recall": 0.977728285077951,
      "f1": 0.984304932735426,
      "support": 449
    },
    "social_media": {
      "precision": 0.9910112359550561,
      "recall": 0.9821826280623608,
      "f1": 0.9865771812080537,
      "support": 449
    },
    "spam": {
      "precision": 0.9714912280701754,
      "recall": 0.9866369710467706,
      "f1": 0.9790055248618784,
      "support": 449
    },
    "updates": {
      "precision": 0.9799554565701559,
      "recall": 0.9799554565701559,
      "f1": 0.9799554565701559,
      "support": 449
    },
    "verify_code": {
      "precision": 0.9866962305986696,
      "recall": 0.9866962305986696,
      "f1": 0.9866962305986696,
      "support": 451
    }
  },
  "classification_report": {
    "forum": {
      "precision": 0.9823399558498896,
      "recall": 0.9888888888888889,
      "f1-score": 0.9856035437430787,
      "support": 450.0
    },
    "promotions": {
      "precision": 0.9909706546275395,
      "recall": 0.977728285077951,
      "f1-score": 0.984304932735426,
      "support": 449.0
    },
    "social_media": {
      "precision": 0.9910112359550561,
      "recall": 0.9821826280623608,
      "f1-score": 0.9865771812080537,
      "support": 449.0
    },
    "spam": {
      "precision": 0.9714912280701754,
      "recall": 0.9866369710467706,
      "f1-score": 0.9790055248618784,
      "support": 449.0
    },
    "updates": {
      "precision": 0.9799554565701559,
      "recall": 0.9799554565701559,
      "f1-score": 0.9799554565701559,
      "support": 449.0
    },
    "verify_code": {
      "precision": 0.9866962305986696,
      "recall": 0.9866962305986696,
      "f1-score": 0.9866962305986696,
      "support": 451.0
    },
    "accuracy": 0.9836855765665554,
    "macro avg": {
      "precision": 0.9837441269452477,
      "recall": 0.9836814100407995,
      "f1-score": 0.9836904782862104,
      "support": 2697.0
    },
    "weighted avg": {
      "precision": 0.9837457954792527,
      "recall": 0.9836855765665554,
      "f1-score": 0.9836934165769341,
      "support": 2697.0
    }
  },
  "config": {
    "dataset": "jason23322/high-accuracy-email-classifier",
    "vectorizer": "tfidf",
    "model": "logistic_regression",
    "max_features": 20000
  }
}